id|idCategoria|titulo|subtitulo|imagenMenu|imagenDescripcion|precio|fechaCreacion|
2317|28|Balde de Nuggets|Balde de nuggets|https://s3-eu-central-1.amazonaws.com/www.burgerking.com.ar.v2/wp-media-folder-burger-king-argentina//home/ubuntu/preview/menu-app/frontend/apps/marketing-website-wordpress-app/web/app/uploads/sites/5/BaldeNuggets-300x200.png|https://s3-eu-central-1.amazonaws.com/www.burgerking.com.ar.v2/wp-media-folder-burger-king-argentina//home/ubuntu/preview/menu-app/frontend/apps/marketing-website-wordpress-app/web/app/uploads/sites/5/BaldeNuggets.png|999.99|2022-08-12 10:57:24|
2311|28|Balde de Papas|Balde de papitas|https://s3-eu-central-1.amazonaws.com/www.burgerking.com.ar.v2/wp-media-folder-burger-king-argentina//home/ubuntu/preview/menu-app/frontend/apps/marketing-website-wordpress-app/web/app/uploads/sites/5/BaldePapas-300x200.png|https://s3-eu-central-1.amazonaws.com/www.burgerking.com.ar.v2/wp-media-folder-burger-king-argentina//home/ubuntu/preview/menu-app/frontend/apps/marketing-website-wordpress-app/web/app/uploads/sites/5/BaldePapas.png|999.99|2022-08-12 10:57:24|
1442|28|Aros de cebolla|Imposible comer solo uno|https://s3-eu-central-1.amazonaws.com/www.burgerking.com.ar.v2/wp-media-folder-burger-king-argentina//home/ubuntu/wordpress/web/app/uploads/sites/5/2021/02/aros-de-cebolla-mediano-300x200.png|https://s3-eu-central-1.amazonaws.com/www.burgerking.com.ar.v2/wp-media-folder-burger-king-argentina//home/ubuntu/wordpress/web/app/uploads/sites/5/2021/02/aros-de-cebolla-mediano.png|999.99|2022-08-12 10:57:24|
1441|28|Nuggets|Pollo riki riki rebozado en pan|https://s3-eu-central-1.amazonaws.com/www.burgerking.com.ar.v2/wp-media-folder-burger-king-argentina//home/ubuntu/wordpress/web/app/uploads/sites/5/2021/02/nuggets-x10-300x200.png|https://s3-eu-central-1.amazonaws.com/www.burgerking.com.ar.v2/wp-media-folder-burger-king-argentina//home/ubuntu/wordpress/web/app/uploads/sites/5/2021/02/nuggets-x10.png|999.99|2022-08-12 10:57:24|
1429|28|Papas Cheddar|Las mejores papas con el mejor queso.|https://s3-eu-central-1.amazonaws.com/www.burgerking.com.ar.v2/wp-media-folder-burger-king-argentina//home/ubuntu/preview/menu-app/frontend/apps/marketing-website-wordpress-app/web/app/uploads/sites/5/Papas-Cheddar-300x200.png|https://s3-eu-central-1.amazonaws.com/www.burgerking.com.ar.v2/wp-media-folder-burger-king-argentina//home/ubuntu/preview/menu-app/frontend/apps/marketing-website-wordpress-app/web/app/uploads/sites/5/Papas-Cheddar.png|999.99|2022-08-12 10:57:24|
1428|28|Papas Cheddar Bacon|BACON toda|https://s3-eu-central-1.amazonaws.com/www.burgerking.com.ar.v2/wp-media-folder-burger-king-argentina//home/ubuntu/preview/menu-app/frontend/apps/marketing-website-wordpress-app/web/app/uploads/sites/5/Papas-Cheddar-y-Bacon-300x200.png|https://s3-eu-central-1.amazonaws.com/www.burgerking.com.ar.v2/wp-media-folder-burger-king-argentina//home/ubuntu/preview/menu-app/frontend/apps/marketing-website-wordpress-app/web/app/uploads/sites/5/Papas-Cheddar-y-Bacon.png|999.99|2022-08-12 10:57:24|
1426|28|Papas Fritas|Naturales, ricas y muy crocantes.|https://s3-eu-central-1.amazonaws.com/www.burgerking.com.ar.v2/wp-media-folder-burger-king-argentina//home/ubuntu/wordpress/web/app/uploads/sites/5/2021/02/PAPAS-KING-300x200.png|https://s3-eu-central-1.amazonaws.com/www.burgerking.com.ar.v2/wp-media-folder-burger-king-argentina//home/ubuntu/wordpress/web/app/uploads/sites/5/2021/02/PAPAS-KING.png|999.99|2022-08-12 10:57:24|
2546|33|Bondiolita King Pickle Pepino|Hecha para mancharse|https://s3-eu-central-1.amazonaws.com/www.burgerking.com.ar.v2/wp-media-folder-burger-king-argentina//home/ubuntu/preview/menu-app/frontend/apps/marketing-website-wordpress-app/web/app/uploads/sites/5/BondiolitaKing-pepino-300x200.png|https://s3-eu-central-1.amazonaws.com/www.burgerking.com.ar.v2/wp-media-folder-burger-king-argentina//home/ubuntu/preview/menu-app/frontend/apps/marketing-website-wordpress-app/web/app/uploads/sites/5/BondiolitaKing-pepino.png|999.99|2022-08-12 10:57:24|
2540|33|Bondiolita King Morrón Salteado|Hecha para mancharse|https://s3-eu-central-1.amazonaws.com/www.burgerking.com.ar.v2/wp-media-folder-burger-king-argentina//home/ubuntu/preview/menu-app/frontend/apps/marketing-website-wordpress-app/web/app/uploads/sites/5/BondiolitaKing-morron-300x200.png|https://s3-eu-central-1.amazonaws.com/www.burgerking.com.ar.v2/wp-media-folder-burger-king-argentina//home/ubuntu/preview/menu-app/frontend/apps/marketing-website-wordpress-app/web/app/uploads/sites/5/BondiolitaKing-morron.png|999.99|2022-08-12 10:57:24|
2778|25|Doble Cuarto XL|none|https://s3-eu-central-1.amazonaws.com/www.burgerking.com.ar.v2/wp-media-folder-bk-argentina//home/ubuntu/preview/menu-app/frontend/apps/marketing-website-wordpress-app/web/app/uploads/sites/5/BK_WEB_DOBLE-CUARTO-XL_1200X800_020822-300x200.png|https://s3-eu-central-1.amazonaws.com/www.burgerking.com.ar.v2/wp-media-folder-bk-argentina//home/ubuntu/preview/menu-app/frontend/apps/marketing-website-wordpress-app/web/app/uploads/sites/5/BK_WEB_DOBLE-CUARTO-XL_1200X800_020822.png|999.99|2022-08-12 10:57:24|
2773|25|Stacker XL Triple|none|https://s3-eu-central-1.amazonaws.com/www.burgerking.com.ar.v2/wp-media-folder-bk-argentina//home/ubuntu/preview/menu-app/frontend/apps/marketing-website-wordpress-app/web/app/uploads/sites/5/BK_WEB_STACKER-XL-_1200X800_020822-300x200.png|https://s3-eu-central-1.amazonaws.com/www.burgerking.com.ar.v2/wp-media-folder-bk-argentina//home/ubuntu/preview/menu-app/frontend/apps/marketing-website-wordpress-app/web/app/uploads/sites/5/BK_WEB_STACKER-XL-_1200X800_020822.png|999.99|2022-08-12 10:57:24|
2390|25|Whopper® Chimiburga de Carne|A la parri y con chimi|https://s3-eu-central-1.amazonaws.com/www.burgerking.com.ar.v2/wp-media-folder-burger-king-argentina//home/ubuntu/preview/menu-app/frontend/apps/marketing-website-wordpress-app/web/app/uploads/sites/5/Chimiburga_Carne-300x200.png|https://s3-eu-central-1.amazonaws.com/www.burgerking.com.ar.v2/wp-media-folder-burger-king-argentina//home/ubuntu/preview/menu-app/frontend/apps/marketing-website-wordpress-app/web/app/uploads/sites/5/Chimiburga_Carne.png|999.99|2022-08-12 10:57:24|
2369|25|Bacon King Carne|Carne a la parri que BACON TODA|https://s3-eu-central-1.amazonaws.com/www.burgerking.com.ar.v2/wp-media-folder-burger-king-argentina//home/ubuntu/preview/menu-app/frontend/apps/marketing-website-wordpress-app/web/app/uploads/sites/5/Bacon-King-Carne-300x200.png|https://s3-eu-central-1.amazonaws.com/www.burgerking.com.ar.v2/wp-media-folder-burger-king-argentina//home/ubuntu/preview/menu-app/frontend/apps/marketing-website-wordpress-app/web/app/uploads/sites/5/Bacon-King-Carne.png|999.99|2022-08-12 10:57:24|
2363|25|Doble Napolitano XL|Doble napo, doble sabor|https://s3-eu-central-1.amazonaws.com/www.burgerking.com.ar.v2/wp-media-folder-burger-king-argentina//home/ubuntu/preview/menu-app/frontend/apps/marketing-website-wordpress-app/web/app/uploads/sites/5/DobleNapolitano-XL-1-300x200.png|https://s3-eu-central-1.amazonaws.com/www.burgerking.com.ar.v2/wp-media-folder-burger-king-argentina//home/ubuntu/preview/menu-app/frontend/apps/marketing-website-wordpress-app/web/app/uploads/sites/5/DobleNapolitano-XL-1.png|999.99|2022-08-12 10:57:24|
2165|25|WOWcamole de carne|none|https://s3-eu-central-1.amazonaws.com/www.burgerking.com.ar.v2/wp-media-folder-burger-king-argentina//home/ubuntu/preview/menu-app/frontend/apps/marketing-website-wordpress-app/web/app/uploads/sites/5/WowCamole_carne_300322-300x200.png|https://s3-eu-central-1.amazonaws.com/www.burgerking.com.ar.v2/wp-media-folder-burger-king-argentina//home/ubuntu/preview/menu-app/frontend/apps/marketing-website-wordpress-app/web/app/uploads/sites/5/WowCamole_carne_300322.png|999.99|2022-08-12 10:57:24|
1523|25|BBQ Bacon XL Doble|Disfrutala el doble|https://s3-eu-central-1.amazonaws.com/www.burgerking.com.ar.v2/wp-media-folder-bk-argentina//home/ubuntu/preview/menu-app/frontend/apps/marketing-website-wordpress-app/web/app/uploads/sites/5/BK_WEB_BBQ-BACON-DOBLE_1200X800_020822-300x200.png|https://s3-eu-central-1.amazonaws.com/www.burgerking.com.ar.v2/wp-media-folder-bk-argentina//home/ubuntu/preview/menu-app/frontend/apps/marketing-website-wordpress-app/web/app/uploads/sites/5/BK_WEB_BBQ-BACON-DOBLE_1200X800_020822.png|999.99|2022-08-12 10:57:24|
1511|25|Extra Burger XL|Se disfruta EXTRA|https://s3-eu-central-1.amazonaws.com/www.burgerking.com.ar.v2/wp-media-folder-burger-king-argentina//home/ubuntu/preview/menu-app/frontend/apps/marketing-website-wordpress-app/web/app/uploads/sites/5/ExtraBurger-XL-300x200.png|https://s3-eu-central-1.amazonaws.com/www.burgerking.com.ar.v2/wp-media-folder-burger-king-argentina//home/ubuntu/preview/menu-app/frontend/apps/marketing-website-wordpress-app/web/app/uploads/sites/5/ExtraBurger-XL.png|999.99|2022-08-12 10:57:24|
1507|25|Hamburguesa clásica|Infalible|https://s3-eu-central-1.amazonaws.com/www.burgerking.com.ar.v2/wp-media-folder-bk-argentina//home/ubuntu/preview/menu-app/frontend/apps/marketing-website-wordpress-app/web/app/uploads/sites/5/BK_WEB_HAMBURGUESA-CLASICA_1200X800_020822-300x200.png|https://s3-eu-central-1.amazonaws.com/www.burgerking.com.ar.v2/wp-media-folder-bk-argentina//home/ubuntu/preview/menu-app/frontend/apps/marketing-website-wordpress-app/web/app/uploads/sites/5/BK_WEB_HAMBURGUESA-CLASICA_1200X800_020822.png|999.99|2022-08-12 10:57:24|
1503|25|Hamburguesa con queso|Todo es mejor con queso|https://s3-eu-central-1.amazonaws.com/www.burgerking.com.ar.v2/wp-media-folder-burger-king-argentina//home/ubuntu/preview/menu-app/frontend/apps/marketing-website-wordpress-app/web/app/uploads/sites/5/Hamburguesa-con-Queso-300x200.png|https://s3-eu-central-1.amazonaws.com/www.burgerking.com.ar.v2/wp-media-folder-burger-king-argentina//home/ubuntu/preview/menu-app/frontend/apps/marketing-website-wordpress-app/web/app/uploads/sites/5/Hamburguesa-con-Queso.png|999.99|2022-08-12 10:57:24|
1499|25|Stacker Doble|El doble de manija|https://s3-eu-central-1.amazonaws.com/www.burgerking.com.ar.v2/wp-media-folder-burger-king-argentina//home/ubuntu/preview/menu-app/frontend/apps/marketing-website-wordpress-app/web/app/uploads/sites/5/Stacker-Doble-300x200.png|https://s3-eu-central-1.amazonaws.com/www.burgerking.com.ar.v2/wp-media-folder-burger-king-argentina//home/ubuntu/preview/menu-app/frontend/apps/marketing-website-wordpress-app/web/app/uploads/sites/5/Stacker-Doble.png|999.99|2022-08-12 10:57:24|
1495|25|Stacker Triple|Manijeá fuerte|https://s3-eu-central-1.amazonaws.com/www.burgerking.com.ar.v2/wp-media-folder-burger-king-argentina//home/ubuntu/preview/menu-app/frontend/apps/marketing-website-wordpress-app/web/app/uploads/sites/5/Stacker-Triple-300x200.png|https://s3-eu-central-1.amazonaws.com/www.burgerking.com.ar.v2/wp-media-folder-burger-king-argentina//home/ubuntu/preview/menu-app/frontend/apps/marketing-website-wordpress-app/web/app/uploads/sites/5/Stacker-Triple.png|999.99|2022-08-12 10:57:24|
1491|25|Stacker Cuádruple|Manijeo intenso|https://s3-eu-central-1.amazonaws.com/www.burgerking.com.ar.v2/wp-media-folder-burger-king-argentina//home/ubuntu/preview/menu-app/frontend/apps/marketing-website-wordpress-app/web/app/uploads/sites/5/Stacker-Cuadruple-300x200.png|https://s3-eu-central-1.amazonaws.com/www.burgerking.com.ar.v2/wp-media-folder-burger-king-argentina//home/ubuntu/preview/menu-app/frontend/apps/marketing-website-wordpress-app/web/app/uploads/sites/5/Stacker-Cuadruple.png|999.99|2022-08-12 10:57:24|
1487|25|Stacker Quíntuple|Hecha por manijas, para manijas.|https://s3-eu-central-1.amazonaws.com/www.burgerking.com.ar.v2/wp-media-folder-burger-king-argentina//home/ubuntu/wordpress/web/app/uploads/sites/5/2021/04/stacker-quintuple-300x200.png|https://s3-eu-central-1.amazonaws.com/www.burgerking.com.ar.v2/wp-media-folder-burger-king-argentina//home/ubuntu/wordpress/web/app/uploads/sites/5/2021/04/stacker-quintuple.png|999.99|2022-08-12 10:57:24|
1467|25|Whopper|100% real no fake.|https://s3-eu-central-1.amazonaws.com/www.burgerking.com.ar.v2/wp-media-folder-burger-king-argentina//home/ubuntu/preview/menu-app/frontend/apps/marketing-website-wordpress-app/web/app/uploads/sites/5/Whopper-300x200.png|https://s3-eu-central-1.amazonaws.com/www.burgerking.com.ar.v2/wp-media-folder-burger-king-argentina//home/ubuntu/preview/menu-app/frontend/apps/marketing-website-wordpress-app/web/app/uploads/sites/5/Whopper.png|999.99|2022-08-12 10:57:24|
1459|25|Whopper Doble|2 veces más perfecta|https://s3-eu-central-1.amazonaws.com/www.burgerking.com.ar.v2/wp-media-folder-bk-argentina//home/ubuntu/preview/menu-app/frontend/apps/marketing-website-wordpress-app/web/app/uploads/sites/5/BK_WEB_WHOPER-DOBLE-_1200X800_020822-300x200.png|https://s3-eu-central-1.amazonaws.com/www.burgerking.com.ar.v2/wp-media-folder-bk-argentina//home/ubuntu/preview/menu-app/frontend/apps/marketing-website-wordpress-app/web/app/uploads/sites/5/BK_WEB_WHOPER-DOBLE-_1200X800_020822.png|999.99|2022-08-12 10:57:24|
1455|25|Whopper Extreme|Extremadamente Whopper|https://s3-eu-central-1.amazonaws.com/www.burgerking.com.ar.v2/wp-media-folder-bk-argentina//home/ubuntu/preview/menu-app/frontend/apps/marketing-website-wordpress-app/web/app/uploads/sites/5/BK_WEB_WHOPER-EXTREME_1200X800_020822-300x200.png|https://s3-eu-central-1.amazonaws.com/www.burgerking.com.ar.v2/wp-media-folder-bk-argentina//home/ubuntu/preview/menu-app/frontend/apps/marketing-website-wordpress-app/web/app/uploads/sites/5/BK_WEB_WHOPER-EXTREME_1200X800_020822.png|999.99|2022-08-12 10:57:24|
1451|25|Doble Whopper Extreme|MUY pero MUY Extreme|https://s3-eu-central-1.amazonaws.com/www.burgerking.com.ar.v2/wp-media-folder-bk-argentina//home/ubuntu/preview/menu-app/frontend/apps/marketing-website-wordpress-app/web/app/uploads/sites/5/BK_WEB_WHOPER-EXTREME-DOBLE-_1200X800_020822-300x200.png|https://s3-eu-central-1.amazonaws.com/www.burgerking.com.ar.v2/wp-media-folder-bk-argentina//home/ubuntu/preview/menu-app/frontend/apps/marketing-website-wordpress-app/web/app/uploads/sites/5/BK_WEB_WHOPER-EXTREME-DOBLE-_1200X800_020822.png|999.99|2022-08-12 10:57:24|
1437|25|Doble JyQ XL|Combinación perfecta.|https://s3-eu-central-1.amazonaws.com/www.burgerking.com.ar.v2/wp-media-folder-burger-king-argentina//home/ubuntu/preview/menu-app/frontend/apps/marketing-website-wordpress-app/web/app/uploads/sites/5/Doble-Jamon-y-Queso-XL-300x200.png|https://s3-eu-central-1.amazonaws.com/www.burgerking.com.ar.v2/wp-media-folder-burger-king-argentina//home/ubuntu/preview/menu-app/frontend/apps/marketing-website-wordpress-app/web/app/uploads/sites/5/Doble-Jamon-y-Queso-XL.png|999.99|2022-08-12 10:57:24|
2396|26|Whopper® Chimiburga de Pollo|Sale a la parri y con chimi|https://s3-eu-central-1.amazonaws.com/www.burgerking.com.ar.v2/wp-media-folder-burger-king-argentina//home/ubuntu/preview/menu-app/frontend/apps/marketing-website-wordpress-app/web/app/uploads/sites/5/Chimiburga_Pollo-300x200.png|https://s3-eu-central-1.amazonaws.com/www.burgerking.com.ar.v2/wp-media-folder-burger-king-argentina//home/ubuntu/preview/menu-app/frontend/apps/marketing-website-wordpress-app/web/app/uploads/sites/5/Chimiburga_Pollo.png|999.99|2022-08-12 10:57:24|
2169|26|WOWcamole de pollo|none|https://s3-eu-central-1.amazonaws.com/www.burgerking.com.ar.v2/wp-media-folder-burger-king-argentina//home/ubuntu/preview/menu-app/frontend/apps/marketing-website-wordpress-app/web/app/uploads/sites/5/WowCamole_Pollo_300322-300x200.png|https://s3-eu-central-1.amazonaws.com/www.burgerking.com.ar.v2/wp-media-folder-burger-king-argentina//home/ubuntu/preview/menu-app/frontend/apps/marketing-website-wordpress-app/web/app/uploads/sites/5/WowCamole_Pollo_300322.png|999.99|2022-08-12 10:57:24|
1986|26|Crispy chicken pepino|none|https://s3-eu-central-1.amazonaws.com/www.burgerking.com.ar.v2/wp-media-folder-burger-king-argentina//home/ubuntu/preview/menu-app/frontend/apps/marketing-website-wordpress-app/web/app/uploads/sites/5/Crispy-Chicken-Pepino-300x200.png|https://s3-eu-central-1.amazonaws.com/www.burgerking.com.ar.v2/wp-media-folder-burger-king-argentina//home/ubuntu/preview/menu-app/frontend/apps/marketing-website-wordpress-app/web/app/uploads/sites/5/Crispy-Chicken-Pepino.png|999.99|2022-08-12 10:57:24|
1535|26|Crispy chicken|Lo mejor del pollo, pero CRISPY|https://s3-eu-central-1.amazonaws.com/www.burgerking.com.ar.v2/wp-media-folder-burger-king-argentina//home/ubuntu/preview/menu-app/frontend/apps/marketing-website-wordpress-app/web/app/uploads/sites/5/Crispy-Chicken-300x200.png|https://s3-eu-central-1.amazonaws.com/www.burgerking.com.ar.v2/wp-media-folder-burger-king-argentina//home/ubuntu/preview/menu-app/frontend/apps/marketing-website-wordpress-app/web/app/uploads/sites/5/Crispy-Chicken.png|999.99|2022-08-12 10:57:24|
1531|26|King de pollo|Una hamburguesa Kingcreíble|https://s3-eu-central-1.amazonaws.com/www.burgerking.com.ar.v2/wp-media-folder-burger-king-argentina//home/ubuntu/preview/menu-app/frontend/apps/marketing-website-wordpress-app/web/app/uploads/sites/5/King-de-Pollo-1-300x300.png|https://s3-eu-central-1.amazonaws.com/www.burgerking.com.ar.v2/wp-media-folder-burger-king-argentina//home/ubuntu/preview/menu-app/frontend/apps/marketing-website-wordpress-app/web/app/uploads/sites/5/King-de-Pollo-1.png|999.99|2022-08-12 10:57:24|
1527|26|King de pollo Francés|Super délicieuse|https://s3-eu-central-1.amazonaws.com/www.burgerking.com.ar.v2/wp-media-folder-bk-argentina//home/ubuntu/preview/menu-app/frontend/apps/marketing-website-wordpress-app/web/app/uploads/sites/5/BK_WEB_KING-DE-POLLO-FRANCES_1200X800_020822-300x200.png|https://s3-eu-central-1.amazonaws.com/www.burgerking.com.ar.v2/wp-media-folder-bk-argentina//home/ubuntu/preview/menu-app/frontend/apps/marketing-website-wordpress-app/web/app/uploads/sites/5/BK_WEB_KING-DE-POLLO-FRANCES_1200X800_020822.png|999.99|2022-08-12 10:57:24|
2846|29|Avocado Toast|Brunch fresquito y livianito|https://s3-eu-central-1.amazonaws.com/www.burgerking.com.ar.v2/wp-media-folder-burger-king-argentina//home/ubuntu/preview/menu-app/frontend/apps/marketing-website-wordpress-app/web/app/uploads/sites/5/BK1572_Final-300x216.png|https://s3-eu-central-1.amazonaws.com/www.burgerking.com.ar.v2/wp-media-folder-burger-king-argentina//home/ubuntu/preview/menu-app/frontend/apps/marketing-website-wordpress-app/web/app/uploads/sites/5/BK1572_Final.png|999.99|2022-08-12 10:57:24|
2841|29|Avocado toast con panceta|none|https://s3-eu-central-1.amazonaws.com/www.burgerking.com.ar.v2/wp-media-folder-bk-argentina//home/ubuntu/preview/menu-app/frontend/apps/marketing-website-wordpress-app/web/app/uploads/sites/5/BK_WEB_AVOCADO-TOATS-CON-PANCETA_1200X800_020822-300x200.png|https://s3-eu-central-1.amazonaws.com/www.burgerking.com.ar.v2/wp-media-folder-bk-argentina//home/ubuntu/preview/menu-app/frontend/apps/marketing-website-wordpress-app/web/app/uploads/sites/5/BK_WEB_AVOCADO-TOATS-CON-PANCETA_1200X800_020822.png|999.99|2022-08-12 10:57:24|
2835|29|Caracol de Membrillo|none|https://s3-eu-central-1.amazonaws.com/www.burgerking.com.ar.v2/wp-media-folder-bk-argentina//home/ubuntu/preview/menu-app/frontend/apps/marketing-website-wordpress-app/web/app/uploads/sites/5/BK_WEB_CARACOL-MEMBRILLO_1200X800_020822-300x200.png|https://s3-eu-central-1.amazonaws.com/www.burgerking.com.ar.v2/wp-media-folder-bk-argentina//home/ubuntu/preview/menu-app/frontend/apps/marketing-website-wordpress-app/web/app/uploads/sites/5/BK_WEB_CARACOL-MEMBRILLO_1200X800_020822.png|999.99|2022-08-12 10:57:24|
2830|29|Tostado de jamón y queso|none|https://s3-eu-central-1.amazonaws.com/www.burgerking.com.ar.v2/wp-media-folder-bk-argentina//home/ubuntu/preview/menu-app/frontend/apps/marketing-website-wordpress-app/web/app/uploads/sites/5/BK_WEB_TOSTADO-DE-JAMON-Y-QUESO-_1200X800_020822-300x200.png|https://s3-eu-central-1.amazonaws.com/www.burgerking.com.ar.v2/wp-media-folder-bk-argentina//home/ubuntu/preview/menu-app/frontend/apps/marketing-website-wordpress-app/web/app/uploads/sites/5/BK_WEB_TOSTADO-DE-JAMON-Y-QUESO-_1200X800_020822.png|999.99|2022-08-12 10:57:24|
2824|29|Muffin marmolado|none|https://s3-eu-central-1.amazonaws.com/www.burgerking.com.ar.v2/wp-media-folder-bk-argentina//home/ubuntu/preview/menu-app/frontend/apps/marketing-website-wordpress-app/web/app/uploads/sites/5/BK_WEB_MUFFIN-MARMOLEADO-_1200X800_020822-300x200.png|https://s3-eu-central-1.amazonaws.com/www.burgerking.com.ar.v2/wp-media-folder-bk-argentina//home/ubuntu/preview/menu-app/frontend/apps/marketing-website-wordpress-app/web/app/uploads/sites/5/BK_WEB_MUFFIN-MARMOLEADO-_1200X800_020822.png|999.99|2022-08-12 10:57:24|
2818|29|Muffin de dulce de leche|none|https://s3-eu-central-1.amazonaws.com/www.burgerking.com.ar.v2/wp-media-folder-bk-argentina//home/ubuntu/preview/menu-app/frontend/apps/marketing-website-wordpress-app/web/app/uploads/sites/5/BK_WEB_MUFFIN-DULCE-DE-LECHE-_1200X800_020822-300x200.png|https://s3-eu-central-1.amazonaws.com/www.burgerking.com.ar.v2/wp-media-folder-bk-argentina//home/ubuntu/preview/menu-app/frontend/apps/marketing-website-wordpress-app/web/app/uploads/sites/5/BK_WEB_MUFFIN-DULCE-DE-LECHE-_1200X800_020822.png|999.99|2022-08-12 10:57:24|
2812|29|Medialuna|none|https://s3-eu-central-1.amazonaws.com/www.burgerking.com.ar.v2/wp-media-folder-bk-argentina//home/ubuntu/preview/menu-app/frontend/apps/marketing-website-wordpress-app/web/app/uploads/sites/5/BK_WEB_MEDIALUNA_1200X800_020822-300x200.png|https://s3-eu-central-1.amazonaws.com/www.burgerking.com.ar.v2/wp-media-folder-bk-argentina//home/ubuntu/preview/menu-app/frontend/apps/marketing-website-wordpress-app/web/app/uploads/sites/5/BK_WEB_MEDIALUNA_1200X800_020822.png|999.99|2022-08-12 10:57:24|
2305|29|Balde de Churros|Un balde lleno de churros|https://s3-eu-central-1.amazonaws.com/www.burgerking.com.ar.v2/wp-media-folder-burger-king-argentina//home/ubuntu/preview/menu-app/frontend/apps/marketing-website-wordpress-app/web/app/uploads/sites/5/BaldeChurrosDDL-300x200.png|https://s3-eu-central-1.amazonaws.com/www.burgerking.com.ar.v2/wp-media-folder-burger-king-argentina//home/ubuntu/preview/menu-app/frontend/apps/marketing-website-wordpress-app/web/app/uploads/sites/5/BaldeChurrosDDL.png|999.99|2022-08-12 10:57:24|
2299|29|Churros|A los churros|https://s3-eu-central-1.amazonaws.com/www.burgerking.com.ar.v2/wp-media-folder-burger-king-argentina//home/ubuntu/preview/menu-app/frontend/apps/marketing-website-wordpress-app/web/app/uploads/sites/5/ChurrosDDL-300x200.png|https://s3-eu-central-1.amazonaws.com/www.burgerking.com.ar.v2/wp-media-folder-burger-king-argentina//home/ubuntu/preview/menu-app/frontend/apps/marketing-website-wordpress-app/web/app/uploads/sites/5/ChurrosDDL.png|999.99|2022-08-12 10:57:24|
1990|29|Tostado Irresistible|none|https://s3-eu-central-1.amazonaws.com/www.burgerking.com.ar.v2/wp-media-folder-burger-king-argentina//home/ubuntu/preview/menu-app/frontend/apps/marketing-website-wordpress-app/web/app/uploads/sites/5/Tostado-Irresistible-300x200.png|https://s3-eu-central-1.amazonaws.com/www.burgerking.com.ar.v2/wp-media-folder-burger-king-argentina//home/ubuntu/preview/menu-app/frontend/apps/marketing-website-wordpress-app/web/app/uploads/sites/5/Tostado-Irresistible.png|999.99|2022-08-12 10:57:24|
1564|29|Café|Un cafecito soluciona todo|https://s3-eu-central-1.amazonaws.com/www.burgerking.com.ar.v2/wp-media-folder-burger-king-argentina//home/ubuntu/wordpress/web/app/uploads/sites/5/2021/04/Fotos-Menu-1200x800px-cafe-300x200.png|https://s3-eu-central-1.amazonaws.com/www.burgerking.com.ar.v2/wp-media-folder-burger-king-argentina//home/ubuntu/wordpress/web/app/uploads/sites/5/2021/04/Fotos-Menu-1200x800px-cafe.png|999.99|2022-08-12 10:57:24|
1560|29|Café con leche|Un poco y un poco|https://s3-eu-central-1.amazonaws.com/www.burgerking.com.ar.v2/wp-media-folder-burger-king-argentina//home/ubuntu/wordpress/web/app/uploads/sites/5/2021/04/Fotos-Menu-1200x800px-cafe-con-leche-300x200.png|https://s3-eu-central-1.amazonaws.com/www.burgerking.com.ar.v2/wp-media-folder-burger-king-argentina//home/ubuntu/wordpress/web/app/uploads/sites/5/2021/04/Fotos-Menu-1200x800px-cafe-con-leche.png|999.99|2022-08-12 10:57:24|
1556|29|Lágrima|No llores por mi|https://s3-eu-central-1.amazonaws.com/www.burgerking.com.ar.v2/wp-media-folder-burger-king-argentina//home/ubuntu/wordpress/web/app/uploads/sites/5/2021/04/Fotos-Menu-1200x800px-lagrima-300x200.png|https://s3-eu-central-1.amazonaws.com/www.burgerking.com.ar.v2/wp-media-folder-burger-king-argentina//home/ubuntu/wordpress/web/app/uploads/sites/5/2021/04/Fotos-Menu-1200x800px-lagrima.png|999.99|2022-08-12 10:57:24|
2323|27|Ensalada de Atún|Ensaladita bien livianita|https://s3-eu-central-1.amazonaws.com/www.burgerking.com.ar.v2/wp-media-folder-burger-king-argentina//home/ubuntu/preview/menu-app/frontend/apps/marketing-website-wordpress-app/web/app/uploads/sites/5/BK1543_Final-300x216.png|https://s3-eu-central-1.amazonaws.com/www.burgerking.com.ar.v2/wp-media-folder-burger-king-argentina//home/ubuntu/preview/menu-app/frontend/apps/marketing-website-wordpress-app/web/app/uploads/sites/5/BK1543_Final.png|999.99|2022-08-12 10:57:24|
1443|27|Ensalada Caesar con pollo|Tranki y ATR|https://s3-eu-central-1.amazonaws.com/www.burgerking.com.ar.v2/wp-media-folder-burger-king-argentina//home/ubuntu/wordpress/web/app/uploads/sites/5/2021/04/ensaladacaesar-300x200.png|https://s3-eu-central-1.amazonaws.com/www.burgerking.com.ar.v2/wp-media-folder-burger-king-argentina//home/ubuntu/wordpress/web/app/uploads/sites/5/2021/04/ensaladacaesar.png|999.99|2022-08-12 10:57:24|
1572|30|Combo con hamburguesa con queso|Ideal para los fans del queso|https://s3-eu-central-1.amazonaws.com/www.burgerking.com.ar.v2/wp-media-folder-bk-argentina//home/ubuntu/preview/menu-app/frontend/apps/marketing-website-wordpress-app/web/app/uploads/sites/5/BK_WEB_CAJA-MAGICA-CON-HAMBURGUESA-CON-QUESO_1200X800_020822-300x200.png|https://s3-eu-central-1.amazonaws.com/www.burgerking.com.ar.v2/wp-media-folder-bk-argentina//home/ubuntu/preview/menu-app/frontend/apps/marketing-website-wordpress-app/web/app/uploads/sites/5/BK_WEB_CAJA-MAGICA-CON-HAMBURGUESA-CON-QUESO_1200X800_020822.png|999.99|2022-08-12 10:57:24|
1568|30|Combo con nuggets x4|Un poco de todo.|https://s3-eu-central-1.amazonaws.com/www.burgerking.com.ar.v2/wp-media-folder-burger-king-argentina//home/ubuntu/wordpress/web/app/uploads/sites/5/2021/04/nuggets-x4-cajita-300x200.png|https://s3-eu-central-1.amazonaws.com/www.burgerking.com.ar.v2/wp-media-folder-burger-king-argentina//home/ubuntu/wordpress/web/app/uploads/sites/5/2021/04/nuggets-x4-cajita.png|999.99|2022-08-12 10:57:24|
2768|31|King Mix Jr. Cookies|none|https://s3-eu-central-1.amazonaws.com/www.burgerking.com.ar.v2/wp-media-folder-bk-argentina//home/ubuntu/preview/menu-app/frontend/apps/marketing-website-wordpress-app/web/app/uploads/sites/5/BK_WEB_KING-MIX-JR-COOKIES_1200X800_020822-300x200.png|https://s3-eu-central-1.amazonaws.com/www.burgerking.com.ar.v2/wp-media-folder-bk-argentina//home/ubuntu/preview/menu-app/frontend/apps/marketing-website-wordpress-app/web/app/uploads/sites/5/BK_WEB_KING-MIX-JR-COOKIES_1200X800_020822.png|999.99|2022-08-12 10:57:24|
2763|31|King Mix Jr. Maní|none|https://s3-eu-central-1.amazonaws.com/www.burgerking.com.ar.v2/wp-media-folder-bk-argentina//home/ubuntu/preview/menu-app/frontend/apps/marketing-website-wordpress-app/web/app/uploads/sites/5/BK_WEB_KING-MIX-300x200.png|https://s3-eu-central-1.amazonaws.com/www.burgerking.com.ar.v2/wp-media-folder-bk-argentina//home/ubuntu/preview/menu-app/frontend/apps/marketing-website-wordpress-app/web/app/uploads/sites/5/BK_WEB_KING-MIX.png|999.99|2022-08-12 10:57:24|
2758|31|King Mix Jr. de rocklets|none|https://s3-eu-central-1.amazonaws.com/www.burgerking.com.ar.v2/wp-media-folder-bk-argentina//home/ubuntu/preview/menu-app/frontend/apps/marketing-website-wordpress-app/web/app/uploads/sites/5/BK_WEB_KING-MIX-JR-ROCKLETS_1200X800_020822-1-300x200.png|https://s3-eu-central-1.amazonaws.com/www.burgerking.com.ar.v2/wp-media-folder-bk-argentina//home/ubuntu/preview/menu-app/frontend/apps/marketing-website-wordpress-app/web/app/uploads/sites/5/BK_WEB_KING-MIX-JR-ROCKLETS_1200X800_020822-1.png|999.99|2022-08-12 10:57:24|
2753|31|Triffle Frutos Rojos|none|https://s3-eu-central-1.amazonaws.com/www.burgerking.com.ar.v2/wp-media-folder-bk-argentina//home/ubuntu/preview/menu-app/frontend/apps/marketing-website-wordpress-app/web/app/uploads/sites/5/BK_WEB_TRIFLE-FRUTILLA-_1200X800_020822-300x200.png|https://s3-eu-central-1.amazonaws.com/www.burgerking.com.ar.v2/wp-media-folder-bk-argentina//home/ubuntu/preview/menu-app/frontend/apps/marketing-website-wordpress-app/web/app/uploads/sites/5/BK_WEB_TRIFLE-FRUTILLA-_1200X800_020822.png|999.99|2022-08-12 10:57:24|
2748|31|Triffle Marmolado|none|https://s3-eu-central-1.amazonaws.com/www.burgerking.com.ar.v2/wp-media-folder-bk-argentina//home/ubuntu/preview/menu-app/frontend/apps/marketing-website-wordpress-app/web/app/uploads/sites/5/BK_WEB_TRIFLE-CHOCOLATE-_1200X800_020822-300x200.png|https://s3-eu-central-1.amazonaws.com/www.burgerking.com.ar.v2/wp-media-folder-bk-argentina//home/ubuntu/preview/menu-app/frontend/apps/marketing-website-wordpress-app/web/app/uploads/sites/5/BK_WEB_TRIFLE-CHOCOLATE-_1200X800_020822.png|999.99|2022-08-12 10:57:24|
2743|31|Sundae de frutilla|none|https://s3-eu-central-1.amazonaws.com/www.burgerking.com.ar.v2/wp-media-folder-bk-argentina//home/ubuntu/preview/menu-app/frontend/apps/marketing-website-wordpress-app/web/app/uploads/sites/5/BK_WEB_SUNDAE-FRUTILLA-_1200X800_020822-1-300x200.png|https://s3-eu-central-1.amazonaws.com/www.burgerking.com.ar.v2/wp-media-folder-bk-argentina//home/ubuntu/preview/menu-app/frontend/apps/marketing-website-wordpress-app/web/app/uploads/sites/5/BK_WEB_SUNDAE-FRUTILLA-_1200X800_020822-1.png|999.99|2022-08-12 10:57:24|
2738|31|Sundae de dulce de leche|none|https://s3-eu-central-1.amazonaws.com/www.burgerking.com.ar.v2/wp-media-folder-bk-argentina//home/ubuntu/preview/menu-app/frontend/apps/marketing-website-wordpress-app/web/app/uploads/sites/5/BK_WEB_SUNDAE-DULCE-DE-LECHE-_1200X800_020822-1-300x200.png|https://s3-eu-central-1.amazonaws.com/www.burgerking.com.ar.v2/wp-media-folder-bk-argentina//home/ubuntu/preview/menu-app/frontend/apps/marketing-website-wordpress-app/web/app/uploads/sites/5/BK_WEB_SUNDAE-DULCE-DE-LECHE-_1200X800_020822-1.png|999.99|2022-08-12 10:57:24|
2733|31|Sundae de chocolate|none|https://s3-eu-central-1.amazonaws.com/www.burgerking.com.ar.v2/wp-media-folder-bk-argentina//home/ubuntu/preview/menu-app/frontend/apps/marketing-website-wordpress-app/web/app/uploads/sites/5/BK_WEB_SUNDAE-CHOCO-_1200X800_020822-300x200.png|https://s3-eu-central-1.amazonaws.com/www.burgerking.com.ar.v2/wp-media-folder-bk-argentina//home/ubuntu/preview/menu-app/frontend/apps/marketing-website-wordpress-app/web/app/uploads/sites/5/BK_WEB_SUNDAE-CHOCO-_1200X800_020822.png|999.99|2022-08-12 10:57:24|
2728|31|Super Sundae de dulce de leche.|none|https://s3-eu-central-1.amazonaws.com/www.burgerking.com.ar.v2/wp-media-folder-bk-argentina//home/ubuntu/preview/menu-app/frontend/apps/marketing-website-wordpress-app/web/app/uploads/sites/5/sundae_dulce_de_leche-300x200.png|https://s3-eu-central-1.amazonaws.com/www.burgerking.com.ar.v2/wp-media-folder-bk-argentina//home/ubuntu/preview/menu-app/frontend/apps/marketing-website-wordpress-app/web/app/uploads/sites/5/sundae_dulce_de_leche.png|999.99|2022-08-12 10:57:24|
2657|31|King Mix Maní XL|none|https://s3-eu-central-1.amazonaws.com/www.burgerking.com.ar.v2/wp-media-folder-bk-argentina//home/ubuntu/preview/menu-app/frontend/apps/marketing-website-wordpress-app/web/app/uploads/sites/5/MENU_King-Mix-Mani-XL-300x200.png|https://s3-eu-central-1.amazonaws.com/www.burgerking.com.ar.v2/wp-media-folder-bk-argentina//home/ubuntu/preview/menu-app/frontend/apps/marketing-website-wordpress-app/web/app/uploads/sites/5/MENU_King-Mix-Mani-XL.png|999.99|2022-08-12 10:57:24|
2652|31|King Mix Maní|none|https://s3-eu-central-1.amazonaws.com/www.burgerking.com.ar.v2/wp-media-folder-bk-argentina//home/ubuntu/preview/menu-app/frontend/apps/marketing-website-wordpress-app/web/app/uploads/sites/5/MENU_King-Mix-Mani-300x200.png|https://s3-eu-central-1.amazonaws.com/www.burgerking.com.ar.v2/wp-media-folder-bk-argentina//home/ubuntu/preview/menu-app/frontend/apps/marketing-website-wordpress-app/web/app/uploads/sites/5/MENU_King-Mix-Mani.png|999.99|2022-08-12 10:57:24|
1604|31|Cono de helado|none|https://s3-eu-central-1.amazonaws.com/www.burgerking.com.ar.v2/wp-media-folder-burger-king-argentina//home/ubuntu/preview/menu-app/frontend/apps/marketing-website-wordpress-app/web/app/uploads/sites/5/Cono-300x200.png|https://s3-eu-central-1.amazonaws.com/www.burgerking.com.ar.v2/wp-media-folder-burger-king-argentina//home/ubuntu/preview/menu-app/frontend/apps/marketing-website-wordpress-app/web/app/uploads/sites/5/Cono.png|999.99|2022-08-12 10:57:24|
1592|31|King Mix Rocklets|none|https://s3-eu-central-1.amazonaws.com/www.burgerking.com.ar.v2/wp-media-folder-burger-king-argentina//home/ubuntu/wordpress/web/app/uploads/sites/5/2021/04/KM-rocklets-300x200.png|https://s3-eu-central-1.amazonaws.com/www.burgerking.com.ar.v2/wp-media-folder-burger-king-argentina//home/ubuntu/wordpress/web/app/uploads/sites/5/2021/04/KM-rocklets.png|999.99|2022-08-12 10:57:24|
1588|31|King Mix Rocklets XL|none|https://s3-eu-central-1.amazonaws.com/www.burgerking.com.ar.v2/wp-media-folder-burger-king-argentina//home/ubuntu/wordpress/web/app/uploads/sites/5/2021/04/KM-XL-rocklets-300x200.png|https://s3-eu-central-1.amazonaws.com/www.burgerking.com.ar.v2/wp-media-folder-burger-king-argentina//home/ubuntu/wordpress/web/app/uploads/sites/5/2021/04/KM-XL-rocklets.png|999.99|2022-08-12 10:57:24|
1584|31|King Mix Toddy Cookies|none|https://s3-eu-central-1.amazonaws.com/www.burgerking.com.ar.v2/wp-media-folder-burger-king-argentina//home/ubuntu/wordpress/web/app/uploads/sites/5/2021/04/KM-Toddy-300x200.png|https://s3-eu-central-1.amazonaws.com/www.burgerking.com.ar.v2/wp-media-folder-burger-king-argentina//home/ubuntu/wordpress/web/app/uploads/sites/5/2021/04/KM-Toddy.png|999.99|2022-08-12 10:57:24|
1580|31|King Mix Toddy Cookies XL|none|https://s3-eu-central-1.amazonaws.com/www.burgerking.com.ar.v2/wp-media-folder-burger-king-argentina//home/ubuntu/wordpress/web/app/uploads/sites/5/2021/04/KM-XL-toddy-300x200.png|https://s3-eu-central-1.amazonaws.com/www.burgerking.com.ar.v2/wp-media-folder-burger-king-argentina//home/ubuntu/wordpress/web/app/uploads/sites/5/2021/04/KM-XL-toddy.png|999.99|2022-08-12 10:57:24|
1576|31|Super Sundae de chocolate|none|https://s3-eu-central-1.amazonaws.com/www.burgerking.com.ar.v2/wp-media-folder-bk-argentina//home/ubuntu/preview/menu-app/frontend/apps/marketing-website-wordpress-app/web/app/uploads/sites/5/MENU_Sundae-300x200.png|https://s3-eu-central-1.amazonaws.com/www.burgerking.com.ar.v2/wp-media-folder-bk-argentina//home/ubuntu/preview/menu-app/frontend/apps/marketing-website-wordpress-app/web/app/uploads/sites/5/MENU_Sundae.png|999.99|2022-08-12 10:57:24|
2511|32|King vegetal|Sorprendentemente igual al King de pollo, pero VEGETAL|https://s3-eu-central-1.amazonaws.com/www.burgerking.com.ar.v2/wp-media-folder-burger-king-argentina//home/ubuntu/preview/menu-app/frontend/apps/marketing-website-wordpress-app/web/app/uploads/sites/5/King-de-Pollo_2604-300x300.png|https://s3-eu-central-1.amazonaws.com/www.burgerking.com.ar.v2/wp-media-folder-burger-king-argentina//home/ubuntu/preview/menu-app/frontend/apps/marketing-website-wordpress-app/web/app/uploads/sites/5/King-de-Pollo_2604.png|999.99|2022-08-12 10:57:24|
2505|32|Whopper vegetal|Sale a la parri|https://s3-eu-central-1.amazonaws.com/www.burgerking.com.ar.v2/wp-media-folder-burger-king-argentina//home/ubuntu/preview/menu-app/frontend/apps/marketing-website-wordpress-app/web/app/uploads/sites/5/WhopperVegetal_2604-300x300.png|https://s3-eu-central-1.amazonaws.com/www.burgerking.com.ar.v2/wp-media-folder-burger-king-argentina//home/ubuntu/preview/menu-app/frontend/apps/marketing-website-wordpress-app/web/app/uploads/sites/5/WhopperVegetal_2604.png|999.99|2022-08-12 10:57:24|